gene_name,log2FoldChange,pvalue,padj,baseMean,group,duration,event
Gene_0001,-0.5640378615260704,0.11243611469248152,1.0,105.71341089696587,Treatment,0.8682763911329383,0
Gene_0002,-0.2397450948457464,0.0123323874307332,1.0,608.3378612411396,Treatment,9.707753606043408,1
Gene_0003,-0.4372414223174614,0.004321208729138294,1.0,33.04095610864633,Control,16.53012542271946,1
Gene_0004,0.17168079345300621,0.08315568549554257,1.0,14.248623190915005,Treatment,19.94511739714541,1
Gene_0005,-1.160056004976878,0.26617053877736063,1.0,197.16300526836952,Control,6.409693259523187,0
Gene_0006,1.659924346142744,0.0018594947900864762,0.5578484370259429,11.246170248629818,Control,2.740384322625807,0
Gene_0007,-1.1056700692423593,0.11265419552468947,1.0,4.059550028485564,Treatment,0.5191781950051495,1
Gene_0008,1.3112207965057832,0.01497953351648721,1.0,193.73949893559708,Control,10.402185279090151,0
Gene_0009,3.055447239047529,0.00029333989277273225,0.08800196783181967,4.48868557532525,Treatment,7.23772695080526,0
Gene_0010,-0.7142047396154796,0.2083539740256597,1.0,699.6350154689458,Control,35.65116364813009,1
Gene_0011,1.5887668359583549,0.00020188027150727325,0.06056408145218197,9.109634115335052,Treatment,0.7502295565303442,1
Gene_0012,1.1183185778063693,0.03263389240454772,1.0,1.6797625214782863,Treatment,13.877261843530128,1
Gene_0013,4.5057737644395,0.00013880315103726674,0.041640945311180025,82.46769985084553,Treatment,0.3033979752594015,1
Gene_0014,-1.0096611296899,0.11273458665714703,1.0,198.1826354076747,Control,2.2567079582556593,1
Gene_0015,1.590143233611568,0.002882087662499811,0.8646262987499432,396.60869010813366,Control,7.252386455288905,1
Gene_0016,-3.2520221835531062,0.0003132980877609407,0.09398942632828221,209.35500469017802,Treatment,7.280825541615654,1
Gene_0017,-0.9917168214736259,0.06451318076067222,1.0,17.838780331824168,Control,13.888908751412723,1
Gene_0018,0.706785675193816,0.10060506272491931,1.0,617.7737943254078,Treatment,28.923785623671215,0
Gene_0019,2.7863199381795623,0.007535579650346338,1.0,1012.6004591369264,Treatment,12.227596889810245,1
Gene_0020,-2.4518667299684056,0.00011071713118225641,0.033215139354676924,13.309469083765135,Control,36.828696526724094,0
Gene_0021,1.572181281482221,0.000690292857031307,0.20708785710939212,103.33619713955133,Treatment,25.60582390585829,1
Gene_0022,-0.12644691296591787,0.04863283471670861,1.0,85.72289525703044,Control,10.539266070993127,1
Gene_0023,-3.043055306784625,0.002008574328196753,0.6025722984590259,230.61811612667148,Treatment,21.534179611706357,0
Gene_0024,0.3631736918975799,0.06462020145183663,1.0,98.509443477621,Control,12.346044386763293,1
Gene_0025,3.4183224659564226,0.0001176327621063106,0.03528982863189318,129.57300349505147,Treatment,0.9817831346337282,1
Gene_0026,-2.240845319823234,0.0010062814844894812,0.3018844453468444,535.7304059073023,Treatment,16.190976272922953,0
Gene_0027,-0.219875430740367,0.14730757351682458,1.0,15.99528195268809,Control,1.1966300463504174,1
Gene_0028,-1.9732779692791325,2.88541046147422e-06,0.0008656231384422659,648.5546492997271,Treatment,10.819272398379148,1
Gene_0029,-0.9371658638200316,0.19586882401805036,1.0,1454.2789111723982,Treatment,14.553749343355136,1
Gene_0030,2.8643402870492665,0.0002058231689140077,0.06174695067420231,3898.1992198267912,Control,0.826126696588599,1
Gene_0031,-0.5430489509827651,0.08031168903704106,1.0,2.0406438110630543,Treatment,3.1487677814177886,1
Gene_0032,2.803131475030653,0.0005375076108580007,0.1612522832574002,102.94518743633809,Control,29.67652891557521,1
Gene_0033,2.218108095863173,0.001271730070239849,0.38151902107195473,2.9147931341349844,Treatment,11.495184625679205,0
Gene_0034,-0.725475826968896,0.046388099454225236,1.0,1.1386833291212488,Control,3.3929078187899435,0
Gene_0035,-1.005198921212465,0.20384007680090233,1.0,197.9839754235307,Treatment,14.080538392637173,0
Gene_0036,-1.791997613629004,0.0013111733857884059,0.3933520157365218,66.79955469643019,Treatment,10.899168980365495,0
Gene_0037,-1.8617623883868084,0.001043309580263199,0.31299287407895965,270.3458062858664,Treatment,8.355642678162553,0
Gene_0038,0.7064147890156862,0.15908153711796277,1.0,392.38966137069474,Control,44.85027094312499,1
Gene_0039,-0.039570630429931204,0.14025173853543313,1.0,1800.45000643909,Control,13.803432061378558,0
Gene_0040,-1.2472108698584132,0.0036600371168349737,1.0,165.31303372201162,Control,5.648515846693808,0
Gene_0041,-3.0975258442465576,0.0005020878327667068,0.15062634983001205,51364.94601478726,Control,19.317661682859807,0
Gene_0042,0.21235753564442375,0.2670859874469455,1.0,273.91551241007,Treatment,25.910473920089114,1
Gene_0043,-0.939104358122667,0.013435947137823149,1.0,5913.2926612056,Treatment,1.6054019090188962,1
Gene_0044,-0.3905953911641877,0.1335968426115386,1.0,1.3969962541963419,Control,2.6860201515008937,1
Gene_0045,0.609323657396163,0.36726837685407643,1.0,2207.197872697635,Control,2.923630236228467,0
Gene_0046,-5.003605722775727,5.361032298944165e-05,0.016083096896832495,103.38697845178747,Control,14.10119645273823,1
Gene_0047,-3.0665492074182494,0.0011463137696420304,0.3438941308926091,3.0141126682624457,Treatment,11.087023657845034,0
Gene_0048,4.592886153610377,0.0006314015709106808,0.18942047127320424,344.15433962528414,Control,11.579205170421616,1
Gene_0049,-1.0132210133992354,0.08655388155202154,1.0,80.97082657296968,Control,33.91659384014564,1
Gene_0050,-5.034866204795058,8.920432864339735e-05,0.026761298593019206,473.4784961402274,Treatment,17.94857234726351,1
Gene_0051,-2.899880359032505,4.3959151784344313e-05,0.013187745535303294,1121.197865025912,Treatment,1.6427222809641235,1
Gene_0052,4.968934737282867,0.0010992124503818926,0.3297637351145678,7.551149221735258,Control,5.123459929627944,1
Gene_0053,-1.40599492053968,0.17333552673550945,1.0,1129.847520408988,Treatment,6.859518114626458,1
Gene_0054,2.3180304897943134,0.001523330562396492,0.45699916871894763,150.3489564253084,Control,6.049409859367817,0
Gene_0055,0.2422359966744104,0.07848365248139978,1.0,2220.932317149299,Treatment,13.278836309769133,1
Gene_0056,-0.9699340749979422,0.01052125500899133,1.0,98.46523502836855,Control,26.695617080523782,1
Gene_0057,1.5508909415261853,0.0011648945495117142,0.3494683648535143,57.92691993385679,Control,4.384289713883,0
Gene_0058,-4.768713350712576,0.0002769253124660449,0.08307759373981348,156.6647358154642,Control,9.632254021280371,0
Gene_0059,-2.8822652397132056,0.0024198911485565884,0.7259673445669765,181.94808747929628,Control,18.694073024569636,0
Gene_0060,-0.9847020242791216,0.18217983086614745,1.0,39.42619318285606,Treatment,6.458733051774551,1
Gene_0061,-2.6858087965392166,0.00123574891665031,0.370724674995093,55.00315449759175,Treatment,2.208777953884486,0
Gene_0062,-1.161555577007943,0.2972913724824929,1.0,12.759153441075329,Treatment,7.731163455052229,0
Gene_0063,1.7074260913656558,3.192607818612843e-05,0.00957782345583853,62.22207376183442,Treatment,0.6816702108233872,1
Gene_0064,0.2642734426719619,0.1332565649999546,1.0,573.9946754144858,Control,34.24734594750889,1
Gene_0065,2.6612340710191784,0.00040083998948288154,0.12025199684486446,112.76338126549237,Control,0.9332192216043809,1
Gene_0066,0.39075056870348873,0.23651616540225567,1.0,1116.6971028851963,Treatment,6.924797040771439,1
Gene_0067,1.984921662989053,0.0003101665601832772,0.09304996805498317,102.42604896652088,Treatment,9.057239762439234,0
Gene_0068,-0.12814060025699514,0.1290462496743963,1.0,8.473672506133937,Treatment,50.64202222801066,1
Gene_0069,-1.1805509667195655,0.21008451301811581,1.0,490.0707532718595,Treatment,2.1785765328389592,0
Gene_0070,2.9611361110837766,4.254933800135407e-05,0.01276480140040622,38.58076043687177,Treatment,1.4583058601209136,1
Gene_0071,-1.4187005758721336,0.050691258900231934,1.0,93.0619520522843,Control,0.10493120368624637,1
Gene_0072,0.6876896462485987,0.143678390290602,1.0,1763.6558038048322,Control,2.029141644476341,1
Gene_0073,1.5377947264489464,0.0006068206688008881,0.18204620064026644,14.559723912817203,Control,2.787316230105178,1
Gene_0074,1.6829854089417133,0.00031095428833458717,0.09328628650037615,206.33221726125294,Treatment,11.949883435785829,0
Gene_0075,-2.330885340440039,0.00024821183764083584,0.07446355129225075,136.8606561637132,Treatment,2.977026242163062,0
Gene_0076,2.1039008116565316,0.00014100872624108344,0.04230261787232503,602.960344494657,Treatment,0.2488115062208957,1
Gene_0077,-1.9579104922145403,0.0019458170723810572,0.5837451217143171,820.8223724791184,Treatment,21.027120227740646,1
Gene_0078,1.6214073106999873,0.0008565027028487405,0.2569508108546221,251.55911421414308,Control,5.460825986507961,1
Gene_0079,1.070346942098198,0.0079459901278925,1.0,72.18633101397565,Control,5.237836319703389,0
Gene_0080,1.637261323559797,0.00048220629759786654,0.14466188927935997,382.5062557565445,Treatment,4.322672400354179,1
Gene_0081,-2.410007042198055,0.00045844453501607383,0.13753336050482215,2145.8945719671424,Control,44.44707756929041,1
Gene_0082,1.1758594854687832,0.020057415543385554,1.0,140.52987796491746,Control,2.237623738319384,0
Gene_0083,2.1711873528163435,0.0005718284038489217,0.1715485211546765,86.96343745247057,Treatment,27.4214298474542,0
Gene_0084,0.3867915663234813,0.0403615867098485,1.0,322.5765638467684,Treatment,17.99642373034283,1
Gene_0085,-1.6372333592091537,0.00041825207222466454,0.12547562166739937,160.36525235146863,Treatment,0.9547532958088633,1
Gene_0086,1.8394952286559805,0.001343336630813584,0.4030009892440752,10.222397559897669,Treatment,51.866180686509836,0
Gene_0087,0.22783925620153966,0.025265396356450892,1.0,239.52591145616282,Treatment,3.799004167434884,0
Gene_0088,-3.348888527655392,0.0010268311926892822,0.30804935780678466,10.038976656973725,Treatment,1.245446740714557,1
Gene_0089,-1.7923789246333206,0.0008454819658443109,0.2536445897532933,313.86447762345375,Control,21.21517247343303,0
Gene_0090,-1.0525890624539476,0.08395438626014314,1.0,30.135821619430114,Control,14.717710668979048,0
Gene_0091,3.011636575279313,0.0010876941475076538,0.32630824425229615,159.77228909442553,Treatment,11.5235009732744,1
Gene_0092,2.660366172612428,0.0007949186693659033,0.238475600809771,324.1439840838419,Control,2.0349613356086405,1
Gene_0093,2.6539370621133513,0.0021140753463228922,0.6342226038968677,20086.56960553585,Treatment,7.812462687755703,1
Gene_0094,0.464720555367733,0.1125716589789898,1.0,655.566615537287,Treatment,18.199899921910905,0
Gene_0095,1.8271895835583982,0.0007917820339889119,0.23753461019667357,2274.686726997839,Treatment,4.342385349701857,1
Gene_0096,-2.2815588173717813,0.001770564401754144,0.5311693205262432,6269.774307642793,Treatment,4.482188543947849,0
Gene_0097,0.013606196785542321,0.0931776431107425,1.0,394.8523249054793,Control,0.03775018855879784,0
Gene_0098,0.9032654032991928,0.03441032255966274,1.0,262.7964033238245,Treatment,2.2974626880224824,1
Gene_0099,-2.1497981146182403,0.00023205175956373628,0.06961552786912088,17.57641211396565,Control,24.992301829055435,0
Gene_0100,0.4198241792837396,0.01652612576125146,1.0,117.53546704149822,Treatment,6.995305244515972,0
Gene_0101,3.3732783716086887,0.002297152004446384,0.6891456013339152,34.9467173722612,Treatment,49.799174665227284,1
Gene_0102,1.1175395691212535,0.12383414712832022,1.0,66.54525880816298,Treatment,6.044372326569912,1
Gene_0103,1.835090413328241,0.002770645621911691,0.8311936865735072,6256.190624223798,Control,15.071046481351718,1
Gene_0104,-4.904813846864524,0.0009245542955495081,0.2773662886648524,186.65145830949845,Treatment,3.9740755521064863,0
Gene_0105,3.115937698305848,0.0006413157058577372,0.19239471175732117,25.743980803163446,Treatment,5.427089448516653,0
Gene_0106,-0.37224469550433914,0.0061573841714702105,1.0,2319.4071875070354,Treatment,2.5394125703042585,1
Gene_0107,-1.5373726281400846,0.0011136516598330385,0.33409549794991156,1002.7995850321795,Control,5.115283979831683,0
Gene_0108,-0.3492757036198603,0.08727733964945758,1.0,1113.548436636956,Control,9.50865142375556,1
Gene_0109,-2.9700443165617956,0.004626280814282116,1.0,2.6851580594174216,Control,57.603832605718225,1
Gene_0110,2.095884123504285,0.000273330586493029,0.0819991759479087,7312.510412297078,Treatment,13.094935629794744,1
Gene_0111,-0.6707914455475857,0.07565926572335777,1.0,48.568273826383326,Control,2.666417259030144,1
Gene_0112,-1.4772616240521388,0.10525611153061527,1.0,703.388622980804,Treatment,0.5520427682359448,1
Gene_0113,-0.3361101313767301,0.10344865316687774,1.0,23100.269918705486,Control,1.6209943186455367,1
Gene_0114,2.236031309152282,0.0008239247523142352,0.24717742569427056,11055.302945307303,Control,9.921657065802162,1
Gene_0115,0.2629168015624412,0.15002607359736309,1.0,21.007420848813055,Treatment,17.386226975528686,0
Gene_0116,-2.819387539066934,0.0002293895287918014,0.06881685863754042,8.256207370671856,Control,33.84506432397332,1
Gene_0117,0.9299616594821644,0.1293267514408239,1.0,2593.3174341521003,Treatment,0.1913963378317928,1
Gene_0118,-1.85795990864525,0.0009668857738679451,0.2900657321603835,197.1789364220533,Treatment,8.876832799208927,1
Gene_0119,-4.312202062749633,0.0022640868695675974,0.6792260608702793,54.50198469323878,Control,7.638193610103931,0
Gene_0120,2.9920144254343564,0.0018785890091526718,0.5635767027458015,514.1099195609305,Treatment,12.807282984066138,1
Gene_0121,0.9144597496553779,0.03785511194296981,1.0,107.15119185338675,Treatment,9.840286330828702,1
Gene_0122,-0.15654132760682976,0.0323291737260584,1.0,603.4410008375162,Control,13.94012613598225,0
Gene_0123,-0.6912190293933974,0.39983068572619124,1.0,169.68836634330586,Control,12.87823256345221,1
Gene_0124,2.7941590014666318,0.0007492206838899077,0.2247662051669723,629.4055840779523,Treatment,1.4933202828138767,1
Gene_0125,6.174310300396811,0.0023689488940292266,0.710684668208768,24.802256122812455,Control,19.296341691030023,0
Gene_0126,0.8975610371330329,0.017898435997134927,1.0,2562.9751387673496,Treatment,1.578162197276535,1
Gene_0127,-2.0592693646557523,0.0010295123843498642,0.30885371530495925,598.9911009324121,Treatment,14.389042129485741,1
Gene_0128,-0.3089310377359522,0.16599956214340153,1.0,540.5541076920116,Control,6.457238931981072,1
Gene_0129,0.8611453441880983,0.2944948851271623,1.0,15.873644351892647,Control,8.6548748608288,1
Gene_0130,-4.699056613983731,0.0004114934536510191,0.12344803609530573,4443.798613721954,Control,28.03345611448106,1
Gene_0131,0.6689984035562354,0.12909157106562894,1.0,144.39719502962538,Control,26.474621272746322,1
Gene_0132,0.8728502589861575,0.07739516979226518,1.0,636.5721239037931,Treatment,20.435512488620734,1
Gene_0133,2.65268439597444,6.254469792897408e-05,0.018763409378692225,77.81631180463995,Treatment,8.563833011924054,1
Gene_0134,2.4442466047461076,0.0011711821341127988,0.3513546402338396,250.07931545470916,Control,15.992579524493884,0
Gene_0135,0.2223443205790724,0.11714945082089429,1.0,268.87718237337145,Control,8.631357519198701,1
Gene_0136,3.029273813160717,0.0026679664688206046,0.8003899406461814,0.5273652671367393,Treatment,24.44634330387252,1
Gene_0137,4.071356638077512,0.0006877864672313897,0.2063359401694169,475.7517807990496,Treatment,6.18555296814807,0
Gene_0138,0.05590291048891985,0.026169068829453326,1.0,7560.426806333077,Treatment,42.173203722962306,0
Gene_0139,0.8363741569354979,0.00455873133974088,1.0,436.8371704455063,Treatment,32.31606382184894,1
Gene_0140,-3.5345947062211525,0.0005372417897432824,0.16117253692298472,21.858360987108583,Control,16.239079731868614,0
Gene_0141,-2.901946524882176,0.00035941684247714094,0.10782505274314227,544.5300517487457,Treatment,3.9323174867711344,1
Gene_0142,-1.6763926280190375,0.0014316612765970954,0.4294983829791286,1235.1665031594812,Treatment,1.6939746322261464,1
Gene_0143,-0.8872366090341067,0.04373703577849871,1.0,413.61394235455055,Control,23.14774143968638,0
Gene_0144,-2.192246049476137,0.0029773266277556515,0.8931979883266954,127.96359215103716,Treatment,2.168227668035968,1
Gene_0145,-0.07199082395448397,0.32783658574375285,1.0,91.44169429516559,Treatment,23.111237765842663,1
Gene_0146,-0.8274183353492369,0.09699779162198968,1.0,90.68395950414413,Control,8.09814831085555,1
Gene_0147,2.141790462679231,0.00264030212225661,0.792090636676983,599.1750557150148,Control,6.261764948180504,1
Gene_0148,-0.949547290967416,0.1430682475504204,1.0,8.897336923474727,Control,28.020156351139715,1
Gene_0149,-4.573435896430989,0.0007915533581686151,0.23746600745058452,70.5452027624281,Treatment,11.111577981561618,0
Gene_0150,0.25150234507084035,0.019882654025665136,1.0,3609.12141377945,Treatment,10.313652039921152,1
Gene_0151,-0.02839604882267828,0.061359310334930556,1.0,3898.6691611626748,Control,9.818157678163605,0
Gene_0152,-1.7240997628089874,0.0008229699463362439,0.24689098390087316,7.719162119451581,Control,5.566722713154411,1
Gene_0153,0.18999976699407406,0.19948179385446568,1.0,15.443261780093257,Treatment,18.481354950925716,0
Gene_0154,-2.15052917645267,0.0006564939462068971,0.19694818386206914,86.38023092960022,Control,3.4970437157960212,0
Gene_0155,0.6596799072466855,0.22795980577615513,1.0,884.6384533313494,Control,33.54193114988338,0
Gene_0156,5.265848873859703,0.0011219289587987835,0.33657868763963505,3.8383834135061607,Control,26.93011943497303,1
Gene_0157,-3.6112109458135326,0.0001473395022140973,0.044201850664229186,133.00446913354293,Treatment,4.940460293618598,1
Gene_0158,-1.0324841740183206,0.5294598156410972,1.0,57.49176308467908,Treatment,15.68819102266475,1
Gene_0159,-1.3530102428982718,0.07491518947050915,1.0,2104.7023792075606,Treatment,10.217929272476365,0
Gene_0160,-0.8665197669750873,0.049734735905477855,1.0,5.187142938532035,Treatment,4.943521296333108,0
Gene_0161,2.0398491591939485,0.0010762064775074408,0.3228619432522323,178.58795607661983,Treatment,53.60750942407037,1
Gene_0162,1.085653118638049,0.011529112128425958,1.0,67.54412751884345,Treatment,0.306735231093913,1
Gene_0163,1.6975330052128472,0.001012082306101909,0.3036246918305727,2806.231762420146,Control,3.4945962179156966,1
Gene_0164,0.06099100950719629,0.06896253903481844,1.0,490.44115025103287,Treatment,8.809481771595657,0
Gene_0165,-2.6441986398897157,0.0005220114019676629,0.15660342059029886,45.98745682022443,Treatment,8.856554786894195,1
Gene_0166,-2.2293707225199593,0.0030580337505581806,0.9174101251674542,817.9268332177627,Control,10.667990916716455,0
Gene_0167,1.4925194149331846,0.07392742989229066,1.0,68.19302544263553,Treatment,16.716259519267375,0
Gene_0168,0.3416637968265945,0.024733056231346848,1.0,1095.1640216339445,Treatment,11.721340204714217,1
Gene_0169,2.5204148121576773,0.0006142684966419764,0.1842805489925929,92.37404290393242,Control,11.003935570476369,1
Gene_0170,0.586524206493594,0.25181003708680527,1.0,1223.331504643456,Control,0.6599950663771912,1
Gene_0171,-2.3660299866642496,0.0001937006190506168,0.05811018571518504,355.01637325414555,Control,5.669461105076891,1
Gene_0172,-1.0438036283663104,0.024074382988917377,1.0,100808.92389275074,Treatment,3.1684575144508367,1
Gene_0173,1.12962829936586,0.0013115197198074122,0.3934559159422236,133.5142200195293,Control,3.700661517537083,1
Gene_0174,1.4206649924772514,0.001429169082364849,0.4287507247094547,319.1702256681153,Treatment,9.698319387660424,0
Gene_0175,1.710217264309376,0.001768384565167115,0.5305153695501345,56.89176007898589,Treatment,2.670304632956696,1
Gene_0176,-2.097048226410386,0.0013172258913709285,0.3951677674112785,149.2123831798487,Treatment,4.17681539052828,1
Gene_0177,-2.40206033215385,0.0004385686176262179,0.13157058528786536,0.6678643009989,Treatment,3.247299290378015,0
Gene_0178,-0.3796050394948414,0.11983591146993944,1.0,376.59413143482925,Control,35.59476747376105,0
Gene_0179,2.8801470330669092,0.0005028672529577625,0.15086017588732875,2177.0987611142455,Control,34.732354691545545,1
Gene_0180,-1.3877366416160362,0.30554142547495644,1.0,328.0808294249864,Treatment,11.29750441597301,1
Gene_0181,0.9099437812019461,0.34128453999803937,1.0,10.7217789000567,Control,31.00704319339883,1
Gene_0182,0.91012227787793,0.04988868023098805,1.0,29.8571903799739,Treatment,18.490849902134777,0
Gene_0183,1.5215454993412265,0.0019256697199476244,0.5777009159842873,1.149831886098293,Treatment,10.697652146936232,0
Gene_0184,3.3288805078964203,0.0014831975926263862,0.4449592777879159,1051.3685902574389,Treatment,0.07747208079362691,0
Gene_0185,3.123812849532212,0.00037106359033545834,0.1113190771006375,19.825587761675724,Control,17.76811956378997,1
Gene_0186,-1.1892116676790103,0.02640174077275847,1.0,140.1317174989348,Treatment,14.547622401916318,0
Gene_0187,-4.195790882617348,0.0006129223055897256,0.1838766916769177,109.12836559629899,Treatment,11.46205201823017,1
Gene_0188,-1.3570586707294854,0.15202776986648495,1.0,2908.6783196844403,Control,17.14663062814795,1
Gene_0189,0.15134458809447066,0.3223079265176678,1.0,176.0138413414658,Control,8.631976112950127,1
Gene_0190,-0.7232905553713141,0.14421414561961815,1.0,748.2864357829051,Control,14.612126235217119,1
Gene_0191,3.935797885856269,0.0019324500392712037,0.5797350117813611,442.71557824837214,Control,32.83222809577092,1
Gene_0192,0.03756060863289851,0.0923980991693548,1.0,2250.3090468522414,Treatment,5.655509817805204,0
Gene_0193,1.3074237605123877,0.18042845668534319,1.0,91.99669118244677,Control,14.777025679130618,0
Gene_0194,0.43442861929468746,0.15344271886134636,1.0,6243.0908110093915,Treatment,7.748016058862781,1
Gene_0195,-0.6932663669816449,0.047318555328303556,1.0,2.7973588025412313,Control,13.46501490584334,1
Gene_0196,-3.849623355925333,0.0008029403997494841,0.24088211992484523,824.6400565195672,Control,17.270942137704104,1
Gene_0197,-0.15723527708297058,0.16334904800941213,1.0,26.22624908425705,Control,0.558214478839117,1
Gene_0198,6.509294586308253,4.7151079103042086e-05,0.014145323730912625,55.395640229609604,Control,12.481871703825409,1
Gene_0199,-2.4889167996756676,0.0016506729211696,0.49520187635088,463.510266080711,Control,3.085697601355717,0
Gene_0200,-3.629746088748449,0.00019587879105686996,0.05876363731706099,456.14197041843335,Control,13.305134745596666,1
Gene_0201,3.87277860513782,0.0007229542648911013,0.21688627946733038,499.1247314692039,Treatment,7.58079159090143,1
Gene_0202,1.48416593973867,0.165169551797141,1.0,9.278353549193653,Control,17.82291860507776,1
Gene_0203,0.37483976104687294,0.029278986592276825,1.0,2692.055918249836,Control,1.5804650515307472,0
Gene_0204,2.7253477247341156,0.00028210755804390967,0.0846322674131729,24.500799839907906,Control,11.81234107252155,0
Gene_0205,-1.6630038859121934,0.0005154436009985928,0.15463308029957784,31.990078874262956,Control,3.9165879821299097,0
Gene_0206,-0.21318952182930356,0.22503987744588105,1.0,531.5479852161897,Treatment,23.00640262751135,0
Gene_0207,1.9103082338016464,4.428794938546291e-07,0.00013286384815638873,83.64299235123181,Control,31.637158360058663,1
Gene_0208,4.220708735640791,0.0023165125984148413,0.6949537795244524,274.93141900403634,Control,67.51617081326424,1
Gene_0209,-2.3370886293132167,0.00016700784212699614,0.05010235263809884,1.9873430715819767,Control,19.076058866454478,0
Gene_0210,2.5614689171207887,0.004613845313074992,1.0,262.0797637019011,Control,16.816119748859002,1
Gene_0211,0.7636781216819678,0.3097698401967305,1.0,229.44509399467395,Treatment,2.9125160896308624,1
Gene_0212,0.3261221348588321,0.06825538675359728,1.0,53.532177648233805,Control,4.913805126856952,1
Gene_0213,-0.01545844450947635,0.07189168810171388,1.0,2.343974705459735,Treatment,7.5211815069586585,1
Gene_0214,-2.7692932413892066,0.0006569104154853704,0.19707312464561114,96.96823755914743,Control,17.81382355873266,1
Gene_0215,1.9261779964260646,0.0010090741322397844,0.30272223967193534,137.72408234744123,Treatment,29.576430189460915,1
Gene_0216,-1.5645380406526561,9.51040735041118e-05,0.02853122205123354,71.20350319176033,Treatment,2.5159050750221765,0
Gene_0217,-2.1593814050046944,3.316177194044042e-05,0.009948531582132126,3.772172408344278,Control,30.669227130849123,1
Gene_0218,1.770917917800676,5.943469150629293e-05,0.017830407451887877,3602.805096972111,Control,14.273923715792112,1
Gene_0219,1.578268050293357,0.0005876443036706859,0.17629329110120578,41.35845787611235,Treatment,11.323040732498692,1
Gene_0220,0.1580001672221249,0.03223396881055838,1.0,95.16294893223358,Treatment,2.675341921169677,1
Gene_0221,2.159087241623283,0.0009729657511971625,0.29188972535914876,1.198476728557269,Control,0.6855131539211349,1
Gene_0222,2.8518731629582303,0.004885186962003871,1.0,3603.6795417681387,Treatment,10.08487708993232,1
Gene_0223,2.616448155651081,0.0004882868299162045,0.14648604897486137,58.375725053690246,Treatment,12.64994462607184,1
Gene_0224,-1.0565579468039599,0.08529433591797542,1.0,180.71580047538464,Treatment,2.840543993726987,1
Gene_0225,2.0282098625594243,0.0005371762656359171,0.16115287969077513,1396.1516226435733,Control,9.755504824537404,1
Gene_0226,0.4232819550172977,0.1879094541871823,1.0,38.374439140402565,Treatment,23.29649125271098,1
Gene_0227,3.4518155407047493,0.00232520299477401,0.6975608984322029,1018.9112913012972,Treatment,21.626514652740376,1
Gene_0228,-0.24745667253434583,0.20984662672149834,1.0,2.404517087356561,Treatment,31.46607840402787,1
Gene_0229,-0.7129432747366604,0.36640790884708935,1.0,446.73845662193986,Control,5.466314755847378,1
Gene_0230,-1.2275937536857533,0.0027904931334940997,0.8371479400482299,3444.3288057362374,Control,4.593579729663746,0
Gene_0231,0.3785757884711109,0.18314331367377876,1.0,46.48670257480347,Treatment,16.60801220122458,1
Gene_0232,0.9334509351842079,0.1393408297423909,1.0,1390.9792028601094,Control,6.768868954463628,1
Gene_0233,0.9719245658545421,0.02596706277868041,1.0,5812.960684989928,Treatment,1.0994463046681493,1
Gene_0234,0.6983450806237133,0.313086708554062,1.0,89.14964158052817,Control,3.9888253651074574,0
Gene_0235,1.3420740253596117,0.01603776099127251,1.0,75.56123811113982,Control,6.507429872153179,0
Gene_0236,-0.44508367182879616,0.11380287936451534,1.0,24.61639066679007,Treatment,4.15249039146115,0
Gene_0237,-1.7450306311837422,0.00025475060393961114,0.07642518118188334,53.5459246110968,Control,4.845298724958665,0
Gene_0238,-1.9196559938272957,0.0005645440472350906,0.16936321417052716,29.057604430489974,Control,4.173872142037606,1
Gene_0239,1.950102190606937,0.001269969799878908,0.3809909399636724,24.576182998007972,Control,0.5086181714588663,0
Gene_0240,0.9406446210565798,0.08285652479120119,1.0,1632.1779921961645,Treatment,12.163360350807352,1
Gene_0241,-3.711675541900648,0.0005577457423852546,0.16732372271557638,30.573938082962684,Control,10.914535070813873,1
Gene_0242,2.1935068535998816,0.000395027417220313,0.1185082251660939,248.89816314113068,Control,12.7144355176315,1
Gene_0243,3.7608702928053104,0.0018304565711124976,0.5491369713337493,160.20702264879486,Treatment,2.562921944692411,1
Gene_0244,-1.4318337015170655,0.015526804588221641,1.0,2969.619547605897,Control,4.205836022940618,0
Gene_0245,0.6723200925520821,0.05622994195829443,1.0,54.254586677099226,Control,11.59888581753378,1
Gene_0246,-0.9469161872647195,0.23408849767024012,1.0,318.077827470265,Control,10.984321034508067,0
Gene_0247,1.256613850942334,0.1869826208403615,1.0,722.0825045197079,Control,8.470663534233578,1
Gene_0248,-2.3320177781504503,0.0005123964610067927,0.1537189383020378,2920.468170113566,Control,5.177026650310559,1
Gene_0249,-0.14289131419756143,0.14401524727939594,1.0,52.6935633179996,Treatment,29.292653112691532,1
Gene_0250,1.9626282559975623,0.0017325146075518622,0.5197543822655587,43.12983834369273,Treatment,4.982008641738711,1
Gene_0251,2.4714234785976794,0.002197211393455795,0.6591634180367385,17.750929701159713,Control,7.297274363872301,0
Gene_0252,0.8529916378393774,0.0786372227673478,1.0,12998.629940486315,Control,13.602687698616915,1
Gene_0253,-0.6780906064194784,0.022873526340577533,1.0,2365.9735762394535,Control,9.397425406357856,1
Gene_0254,-3.185202168687217,0.00029478601447454077,0.08843580434236223,136.40074555987522,Treatment,5.112042598643338,0
Gene_0255,-1.5150994224785634,0.0003505433152000209,0.10516299456000627,7064.788103589913,Treatment,6.864857058868305,1
Gene_0256,-0.9385468095095608,0.09009157372144622,1.0,121.05841664302531,Control,18.986590867482576,0
Gene_0257,-1.3954675666032281,0.0033359930236239025,1.0,631.956740271776,Control,3.9109085016815817,1
Gene_0258,0.11910593662723078,0.10107180906245992,1.0,151.46336847147083,Treatment,1.8413844720979125,1
Gene_0259,-0.6837754723425706,0.045311384947299166,1.0,328.8530200912334,Control,4.507902866754771,1
Gene_0260,0.34424274467088617,0.03499005172565461,1.0,266.0070693858538,Treatment,22.728234792895893,1
Gene_0261,2.405254602095327,0.00211607706776862,0.6348231203305861,63.43585597572538,Treatment,1.1184131020414105,1
Gene_0262,-0.8129244424587232,0.0616190575694396,1.0,1319.48538032095,Control,57.49232146072631,0
Gene_0263,-2.7657339545084496,9.9878950848349e-05,0.0299636852545047,621.3564031166936,Treatment,9.344536616256933,0
Gene_0264,-1.4034151962497499,0.17530009861149692,1.0,1159.0884856832727,Control,50.27368632257678,0
Gene_0265,1.1671769399465437,0.004881348474968655,1.0,281.5906360305813,Control,33.56187314640824,1
Gene_0266,1.3558875699053463,0.1297365312654851,1.0,24.2122871176776,Control,7.235591706093801,1
Gene_0267,0.8121703940324684,0.14868054178595194,1.0,4531.336160328551,Control,2.655110053571559,1
Gene_0268,2.6014746117760317,0.00043479496272030345,0.13043848881609105,87.78472695782109,Control,2.1622268581651447,1
Gene_0269,-0.37272613975397095,0.17417577893989622,1.0,307.39515112058257,Control,3.2930742107008495,0
Gene_0270,4.104332296018648,0.0007249669128429595,0.21749007385288785,528.8806106553626,Treatment,14.859982102672259,1
Gene_0271,1.636374272211814,0.0006223041744040177,0.1866912523212053,303.33670690180315,Treatment,3.8251202493146277,1
Gene_0272,-5.046974940415755,4.6466311948925233e-05,0.01393989358467757,925.9627827840312,Treatment,5.012127341319496,1
Gene_0273,3.6013172599271326,0.0003425314276074969,0.10275942828224907,1269.9792549484912,Treatment,7.147429268768377,0
Gene_0274,-1.5339732202714436,0.002673793290410871,0.8021379871232613,94.6639255773931,Control,29.334302769144642,1
Gene_0275,-2.0682023789138615,0.0004972909048496803,0.14918727145490407,3831.2051142067544,Treatment,2.519669337211912,1
Gene_0276,1.0475422196657873,0.0791202269407421,1.0,87.02477878098776,Treatment,0.060470738635513346,1
Gene_0277,-3.4763609446730865,0.0007593333067533385,0.22779999202600154,291.0508801492882,Treatment,0.7437356785230468,1
Gene_0278,-1.3909384626432264,0.0892650111025044,1.0,68.35014145878127,Control,28.217062150679446,1
Gene_0279,3.114197081248414,6.329231732504172e-05,0.018987695197512516,38.59230694630871,Treatment,12.51301639915441,1
Gene_0280,1.1124351579950051,0.04496932952445814,1.0,1197.9681323136492,Control,3.8266161064497335,0
Gene_0281,1.6244795618784396,0.001284200962659162,0.3852602887977486,76404.26474391445,Treatment,2.3403960870899523,1
Gene_0282,-1.313821200994948,0.02238441104897239,1.0,71.98661675670031,Control,4.18221512174581,0
Gene_0283,-3.0767399979362064,0.00022762655691751344,0.06828796707525403,1686.892148156482,Control,1.4632583947593383,0
Gene_0284,1.4136348586274683,0.0010141861949992613,0.30425585849977843,77.33737732290822,Treatment,34.07149502412509,0
Gene_0285,1.860512312483901,0.0005753320149454406,0.17259960448363218,145.33334664689426,Control,18.401182057007382,1
Gene_0286,1.7699867721622202,0.0021433136666551954,0.6429940999965587,4989.882016426543,Control,7.447488934977969,1
Gene_0287,0.418138460235731,0.0053296292298998385,1.0,17.33849943526935,Treatment,24.026442477050836,0
Gene_0288,-1.9341364869441415,0.00021210310877944059,0.06363093263383218,10.21320879831788,Treatment,3.4435192677269058,0
Gene_0289,4.87553917611946,0.00037118620823426535,0.1113558624702796,124.66157958846053,Treatment,15.15281410947199,1
Gene_0290,0.9595748859683513,0.13157417232076832,1.0,559.6502616588626,Control,23.26635042032833,0
Gene_0291,-0.3477732831783357,0.10234183434895255,1.0,375.1527001030819,Control,5.295011009234262,1
Gene_0292,-0.3388984749667353,0.05377582469685872,1.0,305.31937240186613,Control,16.999283551844464,1
Gene_0293,0.2991949561471076,0.14232444414270287,1.0,158.89823454825665,Treatment,4.19592125407102,1
Gene_0294,2.1392165243159615,0.0009406628631949464,0.2821988589584839,715.5704479999094,Control,4.260523336438743,1
Gene_0295,0.37925624661090507,0.2263756761208603,1.0,0.43720858607577345,Control,1.3587927586987163,1
Gene_0296,1.7170263068949945,0.0017038955759964961,0.5111686727989488,33.06215880357143,Control,6.9590658612780985,0
Gene_0297,0.30279537578641463,0.02914406016674529,1.0,123.07269307783227,Control,15.699202510379763,1
Gene_0298,-0.2247077829407617,0.03166833434270713,1.0,607.3283587186991,Control,33.805171173789034,1
Gene_0299,1.2825007866567781,0.013393887654040156,1.0,2920.5588973149715,Control,11.109942629308305,1
Gene_0300,1.2065720673475928,0.0410927086165491,1.0,25.274616297050933,Control,23.86517003278519,1
